{"base_files_url": "https://raw.githubusercontent.com/BigDendy/BiosDB_MiSTer/2bd4db6993d99ace19b7bb70ee673fb244019bc8/", "db_id": "bios_db", "db_url": "https://raw.githubusercontent.com/BigDendy/BiosDB_MiSTer/db/db.json.zip", "files": {"|games/Astrocade/boot.rom": {"hash": "7d25a26e5c4841b364cfe6b1735eaf03", "overwrite": false, "size": 8192, "tags": [16, 17, 18, 18], "url": "https://archive.org/download/mister_bios_pack/Astrocade.zip/Bally%20Professional%20Arcade%2C%20Astrocade%20%273159%27%20BIOS%20%281978%29%28Bally%20Mfg.%20Corp.%29.bin"}, "|games/AtariLynx/boot.rom": {"hash": "fcd403db69f54290b51035d82f835e7b", "overwrite": false, "size": 512, "tags": [16, 18, 19, 18], "url": "https://archive.org/download/mister_bios_pack/AtariLynx.zip/boot.rom"}, "|games/COCO3/boot0.rom": {"hash": "7233c6c429f3ce1c7392f28a933e0b6f", "overwrite": false, "size": 32768, "tags": [16, 18, 20, 18], "url": "https://archive.org/download/mister_bios_pack/CoCo3.zip/boot0.rom"}, "|games/COCO3/boot1.rom": {"hash": "8cab28f4b7311b8df63c07bb3b59bfd5", "overwrite": false, "size": 8192, "tags": [16, 18, 20, 18], "url": "https://archive.org/download/mister_bios_pack/CoCo3.zip/boot1.rom"}, "|games/COCO3/boot2.rom": {"hash": "171fb7a5d3b808565295b45c773abaaf", "overwrite": false, "size": 8192, "tags": [16, 18, 20, 18], "url": "https://archive.org/download/mister_bios_pack/CoCo3.zip/boot2.rom"}, "|games/Casio_PV-2000/boot0.rom": {"hash": "558540c5c6f776d88a897f2f3b8fec8f", "overwrite": false, "size": 16384, "tags": [16, 18, 21, 18], "url": "https://archive.org/download/mister_bios_pack/Casio_PV-2000.zip/hn613128pc64.bin"}, "|games/CreatiVision/boot.rom": {"hash": "4dfadfb1158f84e2df2b85b13f303986", "overwrite": false, "size": 16384, "tags": [16, 18, 22, 18], "url": "https://archive.org/download/mister_bios_pack/CreatiVision.zip/Laser_2001_Bootrom.rom"}, "|games/GAMEBOY/boot1.rom": {"hash": "dbfce9db9deaa2567f6a84fde55f9680", "overwrite": false, "size": 2304, "tags": [7, 16, 18, 18], "url": "https://archive.org/download/mister_bios_pack/Gameboy.zip/GBC_boot_ROM.gb"}, "|games/GBA/boot.rom": {"hash": "a860e8c0b6d573d191e4ec7db1b1e4f6", "overwrite": false, "size": 16384, "tags": [10, 16, 18, 18], "url": "https://archive.org/download/mister_bios_pack/GBA.zip/gba_bios.bin"}, "|games/Gamate/boot.rom": {"hash": "ef67993a94503c4b7798b5901c7dda52", "overwrite": false, "size": 4096, "tags": [16, 18, 23, 18], "url": "https://archive.org/download/mister_bios_pack/Gamate.zip/Gamate/gamate_boot.rom"}, "|games/Intellivision/boot0.rom": {"hash": "62e761035cb657903761800f4437b8af", "overwrite": false, "size": 8192, "tags": [16, 18, 24, 18], "url": "https://archive.org/download/mister_bios_pack/Intellivision.zip/Executive%20ROM%2C%20The%20%281978%29%28Mattel%29.bin"}, "|games/Intellivision/boot1.rom": {"hash": "0cd5946c6473e42e8e4c2137785e427f", "overwrite": false, "size": 2048, "tags": [16, 18, 24, 18], "url": "https://archive.org/download/mister_bios_pack/Intellivision.zip/GROM%2C%20The%20%281978%29%28General%20Instruments%29.bin"}, "|games/Intellivision/boot2.rom": {"hash": "d5530f74681ec6e0f282dab42e6b1c5f", "overwrite": false, "size": 2048, "tags": [16, 18, 24, 18], "url": "https://archive.org/download/mister_bios_pack/Intellivision.zip/IntelliVoice%20BIOS%20%281981%29%28Mattel%29.bin"}, "|games/Intellivision/boot3.rom": {"hash": "2e72a9a2b897d330a35c8b07a6146c52", "overwrite": false, "size": 24576, "tags": [16, 18, 24, 18], "url": "https://archive.org/download/mister_bios_pack/Intellivision.zip/Entertainment%20Computer%20System%27s%20EXEC-BASIC%20ROM%2C%20The%20%281978%29%28Mattel%29.bin"}, "|games/Interact/boot.rom": {"hash": "aa9fb0e9697a009dfb9d876351dd8f48", "overwrite": false, "size": 2048, "tags": [16, 18, 25, 18], "url": "https://archive.org/download/mister_bios_pack/Interact.zip/Interact_ROM.bin"}, "|games/MSX1/boot.rom": {"hash": "a0452dbf5ace7d2e49d0a8029efed09a", "overwrite": false, "size": 32768, "tags": [16, 18, 26, 18], "url": "https://archive.org/download/mister_bios_pack/MSX1.zip/vg8020_basic-bios1.rom"}, "|games/MegaCD/Europe/cd_bios.rom": {"hash": "9b562ebf2d095bf1dabadbc1881f519a", "overwrite": false, "size": 131072, "tags": [5, 16, 27, 28, 18], "url": "https://archive.org/download/mister_bios_pack/MegaCD.zip/%5BBIOS%5D%20Mega-CD%202%20%28Europe%29%20%28v2.00%29.md"}, "|games/MegaCD/Japan/cd_bios.rom": {"hash": "683a8a9e273662561172468dfa2858eb", "overwrite": false, "size": 131072, "tags": [5, 16, 28, 29, 18], "url": "https://archive.org/download/mister_bios_pack/MegaCD.zip/%5BBIOS%5D%20Mega-CD%202%20%28Japan%29%20%28v2.00C%29.md"}, "|games/MegaCD/USA/cd_bios.rom": {"hash": "310a9081d2edf2d316ab38813136725e", "overwrite": false, "size": 131072, "tags": [5, 16, 28, 30, 18], "url": "https://archive.org/download/mister_bios_pack/MegaCD.zip/%5BBIOS%5D%20Sega%20CD%202%20%28USA%29%20%28v2.00%29.md"}, "|games/MegaCD/boot.rom": {"hash": "14db9657bbaa6fbb9249752424dc0ce4", "overwrite": false, "size": 131072, "tags": [5, 16, 18, 18], "url": "https://archive.org/download/mister_bios_pack/MegaCD.zip/US%20Sega%20CD%202%20%28Region%20Free%29%20930601%20l_oliveira.bin"}, "|games/N64/boot.rom": {"hash": "5c124e7948ada85da603a522782940d0", "overwrite": false, "size": 1984, "tags": [16, 18, 31, 18], "url": "https://archive.org/download/bios-nintendo-64-pif-japan-usa/%5BBIOS%5D%20Nintendo%2064%20-%20PIF%20%28Japan%2C%20USA%29.bin"}, "|games/N64/boot1.rom": {"hash": "d4232dc935cad0650ac2664d52281f3a", "overwrite": false, "size": 1984, "tags": [16, 18, 31, 18], "url": "https://archive.org/download/bios-nintendo-64-pif-japan-usa/%5BBIOS%5D%20Nintendo%2064%20-%20PIF%20%28Europe%29.bin"}, "|games/NEOGEO/000-lo.lo": {"hash": "fc7599f3f871578fe9a0453662d1c966", "overwrite": false, "size": 131072, "tags": [16, 28, 32, 18], "url": "https://archive.org/download/mister_bios_pack/NeoGeo.zip/000-lo.lo"}, "|games/NEOGEO/neo-epo.sp1": {"hash": "b11751ad42879c461d64ad2b7b2b0129", "overwrite": false, "size": 131072, "tags": [16, 28, 32, 18], "url": "https://archive.org/download/mister_bios_pack/NeoGeo.zip/neo-epo.sp1-AES_BIOS"}, "|games/NEOGEO/sfix.sfix": {"hash": "aa2b5d0eae4158ffc0d7d63481c7830b", "overwrite": false, "size": 131072, "tags": [16, 28, 32, 18], "url": "https://archive.org/download/mister_bios_pack/NeoGeo.zip/sfix.sfix"}, "|games/NEOGEO/sp-s2.sp1": {"hash": "2968f59f44bf328639aa79391aeeeab4", "overwrite": false, "size": 131072, "tags": [16, 28, 32, 18], "url": "https://archive.org/download/mister_bios_pack/NeoGeo.zip/sp-s2.sp1-MVS_BIOS"}, "|games/NES/boot0.rom": {"hash": "ca30b50f880eb660a320674ed365ef7a", "overwrite": false, "size": 8192, "tags": [0, 16, 18, 18], "url": "https://archive.org/download/mister_bios_pack/NES.zip/fds-bios.rom"}, "|games/NeoGeo-CD/neocd.bin": {"hash": "f39572af7584cb5b3f70ae8cc848aba2", "overwrite": false, "size": 524288, "tags": [16, 28, 33, 18], "url": "https://archive.org/download/mister_bios_pack/NeoGeoCD.zip/neocd.bin"}, "|games/NeoGeo-CD/top-sp1.bin": {"hash": "122aee210324c72e8a11116e6ef9c0d0", "overwrite": false, "size": 524288, "tags": [16, 28, 33, 18], "url": "https://archive.org/download/mister_bios_pack/NeoGeoCD.zip/top-sp1.bin"}, "|games/PC8801/boot.rom": {"hash": "f1ce4d5f83717093982e5f75516b8f3c", "overwrite": false, "size": 393216, "tags": [16, 18, 34, 18], "url": "https://archive.org/download/mister_bios_pack/PC88.zip/PC8801%20MKII%20SR%20BIOS.rom"}, "|games/PSX/boot.rom": {"hash": "1e68c231d0896b7eadcad1d7d8e76129", "overwrite": false, "size": 524288, "tags": [16, 18, 35, 18], "url": "https://archive.org/download/mister_bios_pack/PSX.zip/SCPH7001.BIN"}, "|games/PSX/boot1.rom": {"hash": "8e4c14f567745eff2f0408c8129f72a6", "overwrite": false, "size": 524288, "tags": [16, 18, 35, 18], "url": "https://archive.org/download/mister_bios_pack/PSX.zip/SCPH7000.BIN"}, "|games/PSX/boot2.rom": {"hash": "b9d9a0286c33dc6b7237bb13cd46fdee", "overwrite": false, "size": 524288, "tags": [16, 18, 35, 18], "url": "https://archive.org/download/mister_bios_pack/PSX.zip/SCPH7002.BIN"}, "|games/PSX/sbi.zip": {"hash": "706d60ab2dfdbfdd53be2069cb85a1fe", "overwrite": false, "size": 218953, "tags": [16, 28, 35, 18], "url": "https://archive.org/download/mister_bios_pack/PSX.zip/sbi.zip"}, "|games/SGB/Super Game Boy 2.sfc": {"hash": "8ecd73eb4edf7ed7e81aef1be80031d5", "size": 524288, "tags": [9, 16, 28, 18], "url": "https://archive.org/download/mister_bios_pack/SGB.zip/SGB2.sfc"}, "|games/SGB/Super Game Boy.sfc": {"hash": "b15ddb15721c657d82c5bab6db982ee9", "size": 262144, "tags": [9, 16, 28, 18], "url": "https://archive.org/download/mister_bios_pack/SGB.zip/SGB1.sfc"}, "|games/SNES/bsx_bios.rom": {"hash": "96cf17bf589fcbfa6f8de2dc84f19fa2", "overwrite": false, "size": 1048576, "tags": [1, 16, 18, 18], "url": "https://archive.org/download/mister_bios_pack/SNES.zip/BS-X%20BIOS%20%28English%29%20%5BNo%20DRM%5D%20%5B2016%20v1.3%5D.sfc"}, "|games/Saturn/boot.rom": {"hash": "0306c0e408d6682dd2d86324bd4ac661", "overwrite": false, "size": 524288, "tags": [16, 18, 36, 18], "url": "https://ia600809.us.archive.org/16/items/saturn-bios_202503/Bios%20GameNavi%20HiSaturn%201.03.bin"}, "|games/TGFX16-CD/cd_bios.rom": {"hash": "98d43a097a165b03df170fd5c2ad2c2f", "overwrite": false, "size": 262144, "tags": [3, 16, 18, 18], "url": "https://archive.org/download/mister_bios_pack/TurboGrafx16.zip/TurboGrafx16/Super%20CD%203.1.pce"}, "|games/WonderSwan/boot.rom": {"hash": "54b915694731cc22e07d3fb8a00ee2db", "overwrite": false, "size": 4096, "tags": [16, 18, 37, 18], "url": "https://archive.org/download/mister_bios_pack/WonderSwan.zip/boot.rom"}, "|games/WonderSwan/boot1.rom": {"hash": "880893bd5a7d53fff826bd76a83d566e", "overwrite": false, "size": 8192, "tags": [16, 18, 37, 18], "url": "https://archive.org/download/mister_bios_pack/WonderSwan.zip/boot1.rom"}}, "folders": {"|games": {"tags": [16]}, "|games/Astrocade": {"tags": [16, 17]}, "|games/AtariLynx": {"tags": [16, 19]}, "|games/COCO3": {"tags": [16, 20]}, "|games/Casio_PV-2000": {"tags": [16, 21]}, "|games/CreatiVision": {"tags": [16, 22]}, "|games/GAMEBOY": {"tags": [7, 16]}, "|games/GBA": {"tags": [10, 16]}, "|games/Gamate": {"tags": [16, 23]}, "|games/Intellivision": {"tags": [16, 24]}, "|games/Interact": {"tags": [16, 25]}, "|games/MSX1": {"tags": [16, 26]}, "|games/MegaCD": {"tags": [5, 16]}, "|games/MegaCD/Europe": {"tags": [5, 16, 28]}, "|games/MegaCD/Japan": {"tags": [5, 16, 28]}, "|games/MegaCD/USA": {"tags": [5, 16, 28]}, "|games/N64": {"tags": [16, 31]}, "|games/NEOGEO": {"tags": [16, 32]}, "|games/NES": {"tags": [0, 16]}, "|games/NeoGeo-CD": {"tags": [16, 33]}, "|games/PC8801": {"tags": [16, 34]}, "|games/PSX": {"tags": [16, 35]}, "|games/SGB": {"tags": [9, 16]}, "|games/SNES": {"tags": [1, 16]}, "|games/Saturn": {"tags": [16, 36]}, "|games/TGFX16-CD": {"tags": [3, 16]}, "|games/WonderSwan": {"tags": [16, 37]}}, "tag_dictionary": {"astrocade": 17, "atarilynx": 19, "bios": 18, "casiopv2000": 21, "coco3": 20, "creativision": 22, "europe": 27, "extrautilities": 28, "famicom": 0, "gamate": 23, "gameboy": 7, "gameboyadvance": 10, "games": 16, "gb": 7, "gba": 10, "intellivision": 24, "interact": 25, "japan": 29, "megacd": 5, "msx1": 26, "n64": 31, "neogeo": 32, "neogeocd": 33, "nes": 0, "nintendo": 0, "pc8801": 34, "pcenginecd": 3, "psx": 35, "saturn": 36, "segacd": 5, "sgb": 9, "snes": 1, "sufami": 1, "superfamicom": 1, "supergameboy": 9, "supernes": 1, "supernintendo": 1, "tgfx16cd": 3, "turbografx16cd": 3, "turbografxcd": 3, "usa": 30, "wonderswan": 37}, "timestamp": 1743023691}